{"Furniture": {"forecast": [6863.9921875, 5587.1025390625, 16754.474609375]}, "Technology": {"forecast": [19585.822265625, 19851.880859375, 20715.314453125]}, "Office Supplies": {"forecast": [31459.359375, 31459.359375, 31459.359375]}, "West Region": {"forecast": [12159.51171875, 12068.86328125, 23581.529296875]}, "East Region": {"forecast": [29860.11328125, 29534.10546875, 29975.591796875]}}